"key","override_file","team_names","raw_file","source_url"
"0xo2eha","0xo2eha.png","ATSV STOCKELSDORF II | ATSV STOCKELSDORF","assets/club-logos/raw/0xo2eha.jpg",""
"1yrb3n9","1yrb3n9.png","SG HANDBALL NEUMÜNSTER | SG HANDBALL NEUMÜNSTER II | SG Handball Neumünster | SG Handball Neumünster II | SG Handball Neumünster III | SG Handball Neumünster IV","assets/club-logos/raw/1yrb3n9.jpg",""
"02z7nh5","02z7nh5.png","TV TRAPPENKAMP","assets/club-logos/raw/02z7nh5.jpg",""
"0vigdzt","0vigdzt.png","HSG OHLAU | HSG OHLAU II | HSG OHLAU a.K.","assets/club-logos/raw/0vigdzt.jpg",""
"0mjcjfn","0mjcjfn.png","SG Bordesholm/Brügge II | SG BORDESHOLM/BRÜGGE | SG BORDESHOLM/BRÜGGE II","assets/club-logos/raw/0mjcjfn.jpg",""
"1j9nrl7","1j9nrl7.png","MTV Lübeck II","assets/club-logos/raw/1j9nrl7.jpg",""
"1qw756m","1qw756m.png","SC NAHE 08","assets/club-logos/raw/1qw756m.jpg",""
"1wy6z5h","1wy6z5h.png","HSG GETTORF/OSDORF | HSG GETTORF/OSDORF II | HSG GETTORF/OSDORF III","assets/club-logos/raw/1wy6z5h.jpg",""
"1ftrwtg","1ftrwtg.png","SG HANDBALL EIDERTAL","assets/club-logos/raw/1ftrwtg.jpg",""
"1kccyht","1kccyht.png","SV Weede v. 1949 e.V. II | SV Weede | SV Weede II | SV Weede v. 1949 e.V.","assets/club-logos/raw/1kccyht.jpg",""
"1hslhxe","1hslhxe.png","HSG HOHE GEEST","assets/club-logos/raw/1hslhxe.jpg",""
"1j3w2i1","1j3w2i1.png","SV HENSTEDT-ULZBURG II | SV Henstedt-Ulzburg II | SV Henstedt-Ulzburg III | SV Henstedt-Ulzburg IV | SV HENSTEDT-ULZBURG | SV Henstedt-Ulzburg","assets/club-logos/raw/1j3w2i1.jpg",""
"1wbsvia","1wbsvia.png","BOIZENBURGER HV","assets/club-logos/raw/1wbsvia.jpg",""
"0zmeofz","0zmeofz.png","SUCHSDORFER SV III | Suchsdorfer SV","assets/club-logos/raw/0zmeofz.jpg",""
"1u01tx2","1u01tx2.png","TSV Ellerau | TSV Ellerau II","assets/club-logos/raw/1u01tx2.jpg",""
"1gz2zvt","1gz2zvt.png","TURA MELDORF | TuRa Meldorf","assets/club-logos/raw/1gz2zvt.jpg",""
"0wkml89","0wkml89.png","SG TODESFELDE/LEEZEN","assets/club-logos/raw/0wkml89.jpg",""
"0txboff","0txboff.png","SG Kollmar/Neuendorf II | SG Kollmar/Neuendorf","assets/club-logos/raw/0txboff.jpg",""
"11bbz3c","11bbz3c.png","TUS HARTENHOLM","assets/club-logos/raw/11bbz3c.jpg",""
"030n5ma","030n5ma.png","Bramstedter TS II | Bramstedter TS","assets/club-logos/raw/030n5ma.jpg",""
"1qw4nbk","1qw4nbk.png","HSG Störtal Hummeln | HSG Störtal Hummeln II","assets/club-logos/raw/1qw4nbk.jpg",""
"1myb91w","1myb91w.png","HSG SCHÜLP/WESTERRÖNFELD/RENDSBURG II | HSG Schülp/Westerrönfeld/Rendsburg","assets/club-logos/raw/1myb91w.jpg",""
"0b7tq6z","0b7tq6z.png","TSV BARGTEHEIDE","assets/club-logos/raw/0b7tq6z.jpg",""
"0xeeh9s","0xeeh9s.png","HSG Lübecker Bucht","assets/club-logos/raw/0xeeh9s.jpg",""
"0crfeig","0crfeig.png","WJA | HSG Herzhorn/Kollmar/Neuendorf II | HSG HERZHORN/KOLLMAR/NEUENDORF","assets/club-logos/raw/0crfeig.jpg",""
"0btnixw","0btnixw.png","TSV Nord Harrislee | TSV NORD HARRISLEE II","assets/club-logos/raw/0btnixw.jpg",""
"1csssp9","1csssp9.png","HSG MÖNKEBERG-SCHÖNKIRCHEN II | HSG MÖNKEBERG-SCHÖNKIRCHEN","assets/club-logos/raw/1csssp9.jpg",""
"03erpv1","03erpv1.png","HSG KALKBERG 06 | HSG KALKBERG 06 III | HSG KALKBERG 06 II","assets/club-logos/raw/03erpv1.jpg",""
"1e2ucwp","1e2ucwp.png","MTV Dänischenhagen II | MTV Dänischenhagen III","assets/club-logos/raw/1e2ucwp.jpg",""
"0ebl2s0","0ebl2s0.png","TSV WACKEN","assets/club-logos/raw/0ebl2s0.jpg",""
"1muw0yi","1muw0yi.png","SG GLINDE-REINBEK","assets/club-logos/raw/1muw0yi.jpg",""
"12j6jtz","12j6jtz.png","HSG WABO 2011 | HSG WaBo 2011 | HSG WABO 2011 a.K.","assets/club-logos/raw/12j6jtz.jpg",""
"0x7sv8m","0x7sv8m.png","HSG SZOWW","assets/club-logos/raw/0x7sv8m.jpg",""
"0q0phxv","0q0phxv.png","DHG Sandesneben","assets/club-logos/raw/0q0phxv.jpg",""
"00tcvb1","00tcvb1.png","SC FORTUNA WELLSEE","assets/club-logos/raw/00tcvb1.jpg",""
"1qiybue","1qiybue.png","HSG Holsteinische Schweiz","assets/club-logos/raw/1qiybue.jpg",""
"1w9jsx8","1w9jsx8.png","DIE HAIE I HSG Horst/Kiebitzreihe III | DIE HAIE I HSG Horst/Kiebitzreihe | DIE HAIE I HSG Horst/Kiebitzreihe II","assets/club-logos/raw/1w9jsx8.jpg",""
"1hf9d75","1hf9d75.png","HSG HOLSTEIN KIEL/KRONSHAGEN | HSG HOLSTEIN KIEL/KRONSHAGEN II","assets/club-logos/raw/1hf9d75.jpg",""
"06kfb6c","06kfb6c.png","VFL GEESTHACHT","assets/club-logos/raw/06kfb6c.jpg",""
"08ocj2r","08ocj2r.png","HSG 91 NORTORF","assets/club-logos/raw/08ocj2r.jpg",""
"076fu3u","076fu3u.png","PREETZER TSV II","assets/club-logos/raw/076fu3u.jpg",""
"00xfnlm","00xfnlm.png","SC KIELER FÖRDE III | SC KIELER FÖRDE II","assets/club-logos/raw/00xfnlm.jpg",""
"1j3isa8","1j3isa8.png","WELLINGDORFER TV | WELLINGDORFER TV II | WELLINGDORFER TV WEIBLICHE C 2","assets/club-logos/raw/1j3isa8.jpg",""
"0odgr6l","0odgr6l.png","SG PAHLHUDE/TELLINGSTEDT","assets/club-logos/raw/0odgr6l.jpg",""
"055eb7a","055eb7a.png","HSG WAGRIEN","assets/club-logos/raw/055eb7a.jpg",""
"0gll3ig","0gll3ig.png","VFL Lübeck-SCHWARTAU | VfL Bad Schwartau","assets/club-logos/raw/0gll3ig.jpg",""
"16gum8r","16gum8r.png","HSG KREMPERHEIDE/MÜNSTERDORF III | HSG KREMPERHEIDE/MÜNSTERDORF | HSG KREMPERHEIDE/MÜNSTERDORF II","assets/club-logos/raw/16gum8r.jpg",""
"0k0b7v4","0k0b7v4.png","MTV HERZHORN II","assets/club-logos/raw/0k0b7v4.jpg",""
"1sz55yy","1sz55yy.png","HSG FOCKBEK/NÜBBEL/ALT DUVENSTEDT II | HSG FOCKBEK/NÜBBEL/ALT DUVENSTEDT","assets/club-logos/raw/1sz55yy.jpg",""
"083hx46","083hx46.png","HSG 24109 II","assets/club-logos/raw/083hx46.jpg",""
"0gqip3x","0gqip3x.png","TSV ALTENHOLZ","assets/club-logos/raw/0gqip3x.jpg",""
"1atgz5r","1atgz5r.png","TSV HARDEBEK","assets/club-logos/raw/1atgz5r.jpg",""
"0x4hx7u","0x4hx7u.png","TSV SCHWARZENBEK","assets/club-logos/raw/0x4hx7u.jpg",""
"0g678x7","0g678x7.png","TSV BÜSUM","assets/club-logos/raw/0g678x7.jpg",""
"1u88mce","1u88mce.png","IF STJERNEN FLENSBORG","assets/club-logos/raw/1u88mce.jpg",""
"0okba70","0okba70.png","HSG TILLS LÖWEN 08","assets/club-logos/raw/0okba70.jpg",""
"1firuis","1firuis.png","ECKERNFÖRDER MTV","assets/club-logos/raw/1firuis.jpg",""
"184fuvr","184fuvr.png","TUS FELDE","assets/club-logos/raw/184fuvr.jpg",""
"0g9u6s1","0g9u6s1.png","SC Buntekuh Lübeck wA","assets/club-logos/raw/0g9u6s1.jpg",""
"11s2uqh","11s2uqh.png","FT ADLER KIEL II | FT ADLER KIEL","assets/club-logos/raw/11s2uqh.jpg",""
"1gd4pey","1gd4pey.png","Berliner SC/SH","assets/club-logos/raw/1gd4pey.jpg",""
"1kd3qes","1kd3qes.png","THW KIEL IV","assets/club-logos/raw/1kd3qes.jpg",""
"1rff314","1rff314.png","LEEZENER SC","assets/club-logos/raw/1rff314.jpg",""
"0c4lr57","0c4lr57.png","SG Hörnerkirchen/Hohenfelde | SG HÖRNERKIRCHEN/HOHENFELDE","assets/club-logos/raw/0c4lr57.jpg",""
"1ffvokm","1ffvokm.png","SV TODESFELDE II","assets/club-logos/raw/1ffvokm.jpg",""
"0wox617","0wox617.png","HSG Schleswig","assets/club-logos/raw/0wox617.jpg",""
"08jowf3","08jowf3.png","Raisdorfer TSV | Raisdorf B-JUGEND WEIBLICH","assets/club-logos/raw/08jowf3.jpg",""
"0v7ucet","0v7ucet.png","SG DITHMARSCHEN SÜD II | SG DITHMARSCHEN SÜD","assets/club-logos/raw/0v7ucet.jpg",""
"0jkvdbu","0jkvdbu.png","HSG OSTSEE NEUSTADT/GRÖMITZ","assets/club-logos/raw/0jkvdbu.jpg",""
"1ehf4g9","1ehf4g9.png","TSV Weddingstedt II","assets/club-logos/raw/1ehf4g9.jpg",""
"1t76a9j","1t76a9j.png","HEIKENDORFER SV","assets/club-logos/raw/1t76a9j.jpg",""
